{
  "object_0": {
    "scale": [
      0.27314621210098267,
      0.27314621210098267,
      0.27314621210098267
    ],
    "translation": [
      0.7262529730796814,
      0.5785351991653442,
      2.043886661529541
    ],
    "rotation": [
      0.5220295786857605,
      0.8367758989334106,
      0.14309696853160858,
      0.08255001902580261
    ]
  }
}