{
  "object_0": {
    "scale": [
      0.5385351777076721,
      0.5385351777076721,
      0.5385351777076721
    ],
    "translation": [
      -0.12686395645141602,
      -0.14724065363407135,
      1.6525861024856567
    ],
    "rotation": [
      0.3774295449256897,
      0.49862030148506165,
      -0.6111951470375061,
      -0.48514455556869507
    ]
  }
}