{
  "object_0": {
    "scale": [
      0.6023017168045044,
      0.6023017168045044,
      0.6023017168045044
    ],
    "translation": [
      -0.04621852934360504,
      -0.37516504526138306,
      1.0640463829040527
    ],
    "rotation": [
      0.4868546724319458,
      0.7256378531455994,
      -0.3922973871231079,
      -0.2872716188430786
    ]
  }
}