{"camera_k_matrix": [[877.7806396484375, 0.0, 540.0], [0.0, 877.7806396484375, 540.0], [0.0, 0.0, 1.0]], "field_of_view_rads": 1.1030245194845198, "camera_rt_matrix": [[-0.7075634002685547, -0.7066466212272644, 0.0021539656445384026, 13.17724323272705], [-0.2306535392999649, 0.22806943953037262, -0.9459298253059387, 6.940423011779785], [0.6679468750953674, -0.6698021292686462, -0.3243641257286072, -15.914589881896973]], "rotation_from_original_to_point": [-0.2545155882835388, -0.21941225230693817, -3.0398263931274414], "point_uuid": "5c2959c3089c4ac5a7c5c913cc0df78d", "camera_original_rotation": [1.57489812374115, 0.0024619516916573048, 0.7112205624580383], "camera_location": [21.554668, -2.93087, 1.374648], "frame_num": 41, "final_camera_rotation": [1.2404561042785645, -0.002153967274352908, -2.3568427562713623], "camera_uuid": "5c2959c3089c4ac5a7c5c913cc0df78d", "room": "office_5_3"}